<xml xmlns="http://www.w3.org/1999/xhtml">
  <block type="program" id="#A^B`!_PQs!D[U3LH4i$" x="269" y="76">
    <field name="ID">fibIterativo</field>
    <next>
      <block type="function_statement" id="]AHWq*V|x`,Le8Tcc@CR">
        <field name="TYPE">int</field>
        <field name="VAR">Fibonacci</field>
        <value name="NAME">
          <block type="function_param" id="d(Eg)eqnJR}4vrZ|$][+">
            <field name="TYPE">int</field>
            <field name="VAR">n</field>
          </block>
        </value>
        <statement name="BLOCK">
          <block type="variable_single" id=")+KDJK|Yrqa59W^af%(k">
            <field name="TYPE">int</field>
            <value name="NAME">
              <block type="variable_single_name" id="h7kPmiV/FVRnmlrjT+Nb">
                <field name="VAR">x</field>
              </block>
            </value>
            <next>
              <block type="variable_single" id="`#n6c^OFxT*d*TgP={+T">
                <field name="TYPE">int</field>
                <value name="NAME">
                  <block type="variable_single_name" id="h`SKnLviT:-Twd^mbtJ@">
                    <field name="VAR">y</field>
                  </block>
                </value>
                <next>
                  <block type="variable_single" id="9qF#=/rSKSi{D}+Z[#E6">
                    <field name="TYPE">int</field>
                    <value name="NAME">
                      <block type="variable_single_name" id="M*|$sWI$GGJX6AJh+4^(">
                        <field name="VAR">z</field>
                      </block>
                    </value>
                    <next>
                      <block type="variable_single" id="!+HOWXFp{?OyXmL_{#1^">
                        <field name="TYPE">int</field>
                        <value name="NAME">
                          <block type="variable_single_name" id="a-{Xz7[!!S3D_^M@t+_m">
                            <field name="VAR">i</field>
                          </block>
                        </value>
                        <next>
                          <block type="variable_single_set" id="j7X12pD0i*m3VxLGst6)">
                            <field name="VAR">i</field>
                            <value name="NAME">
                              <block type="math_number" id="O{X](KIKU%vNuF;EBli_">
                                <field name="NUM">0</field>
                              </block>
                            </value>
                            <next>
                              <block type="variable_single_set" id="?glH#$W}xeH++m/b;FE)">
                                <field name="VAR">x</field>
                                <value name="NAME">
                                  <block type="math_number" id="X]nJJJxXcD{.(l-rZ9v4">
                                    <field name="NUM">0</field>
                                  </block>
                                </value>
                                <next>
                                  <block type="variable_single_set" id="#{g`O=y{~nEB+8O[p#}!">
                                    <field name="VAR">y</field>
                                    <value name="NAME">
                                      <block type="math_number" id="Dp|mIwDJiG[#G9;j}-$A">
                                        <field name="NUM">1</field>
                                      </block>
                                    </value>
                                    <next>
                                      <block type="variable_single_set" id="*/^(+;Fp89[:(sKx~v8N">
                                        <field name="VAR">z</field>
                                        <value name="NAME">
                                          <block type="math_number" id="z={]W]_|s!nM$BI!MHSq">
                                            <field name="NUM">1</field>
                                          </block>
                                        </value>
                                        <next>
                                          <block type="controls_whileUntil" id="PmMjKPqTlNQgM^;Yp3hj">
                                            <field name="MODE">WHILE</field>
                                            <value name="BOOL">
                                              <block type="logic_compare" id="VlXW]/_b]*d/:9]v!Nw?">
                                                <field name="OP">LT</field>
                                                <value name="A">
                                                  <block type="variable_single_name" id="rFN.ol|)Ks)|#4,u?i*2">
                                                    <field name="VAR">i</field>
                                                  </block>
                                                </value>
                                                <value name="B">
                                                  <block type="variable_single_name" id="eusGizI1.?7OC8@I:]BU">
                                                    <field name="VAR">n</field>
                                                  </block>
                                                </value>
                                              </block>
                                            </value>
                                            <statement name="DO">
                                              <block type="variable_single_set" id="HDS+:,[3rwCNi]S/}Snq">
                                                <field name="VAR">x</field>
                                                <value name="NAME">
                                                  <block type="variable_single_name" id="(%n`_pIC`c5%}9?4raG(">
                                                    <field name="VAR">y</field>
                                                  </block>
                                                </value>
                                                <next>
                                                  <block type="variable_single_set" id="Qyxl`n$nTSDftEpojK*b">
                                                    <field name="VAR">y</field>
                                                    <value name="NAME">
                                                      <block type="variable_single_name" id="9e@(uU2K4rMC,oS%1_{M">
                                                        <field name="VAR">z</field>
                                                      </block>
                                                    </value>
                                                    <next>
                                                      <block type="variable_single_set" id=":LR0S=#+YQ%_(6Jrl@Wq">
                                                        <field name="VAR">z</field>
                                                        <value name="NAME">
                                                          <block type="math_arithmetic" id="e(n$rc@t|^K{20-Y[Ld2">
                                                            <field name="OP">ADD</field>
                                                            <value name="A">
                                                              <shadow type="math_number" id="N4M[!C*l*wpa!e|WEUx)">
                                                                <field name="NUM">1</field>
                                                              </shadow>
                                                              <block type="variable_single_name" id="L0C[hRsz)26od32||r_.">
                                                                <field name="VAR">x</field>
                                                              </block>
                                                            </value>
                                                            <value name="B">
                                                              <shadow type="math_number" id="qt81,s5JMYsuo1P`y!nx">
                                                                <field name="NUM">1</field>
                                                              </shadow>
                                                              <block type="variable_single_name" id="VxzS0gzJ[[!]|M@NcLi!">
                                                                <field name="VAR">y</field>
                                                              </block>
                                                            </value>
                                                          </block>
                                                        </value>
                                                        <next>
                                                          <block type="variable_single_set" id=";+9[NCbsISu},*(#d*|^">
                                                            <field name="VAR">i</field>
                                                            <value name="NAME">
                                                              <block type="math_arithmetic" id=";ArVTYC?P7cXIL8fw@nm">
                                                                <field name="OP">ADD</field>
                                                                <value name="A">
                                                                  <shadow type="math_number" id="!/#ygKBGwS/gjZ;W5zg-">
                                                                    <field name="NUM">1</field>
                                                                  </shadow>
                                                                  <block type="variable_single_name" id="`]_piL%kgGYn;5:_5Mqf">
                                                                    <field name="VAR">i</field>
                                                                  </block>
                                                                </value>
                                                                <value name="B">
                                                                  <shadow type="math_number" id="T/WK0jMj(Oco0`CS42A@">
                                                                    <field name="NUM">1</field>
                                                                  </shadow>
                                                                  <block type="math_number" id="qKCb{f0bcf};t9%YXEyd">
                                                                    <field name="NUM">1</field>
                                                                  </block>
                                                                </value>
                                                              </block>
                                                            </value>
                                                          </block>
                                                        </next>
                                                      </block>
                                                    </next>
                                                  </block>
                                                </next>
                                              </block>
                                            </statement>
                                            <next>
                                              <block type="return" id="?n@iK~{#Mh#z,6MJX@|Q">
                                                <value name="NAME">
                                                  <block type="variable_single_name" id="P.I(Yuz3@LO~^)/bo^PO">
                                                    <field name="VAR">x</field>
                                                  </block>
                                                </value>
                                              </block>
                                            </next>
                                          </block>
                                        </next>
                                      </block>
                                    </next>
                                  </block>
                                </next>
                              </block>
                            </next>
                          </block>
                        </next>
                      </block>
                    </next>
                  </block>
                </next>
              </block>
            </next>
          </block>
        </statement>
        <next>
          <block type="main" id="Gy%k(T48;nw;NAJllxD:">
            <statement name="NAME">
              <block type="variable_single" id="@5D.J924He3~``rW9yaO">
                <field name="TYPE">int</field>
                <value name="NAME">
                  <block type="variable_single_name" id="h@r(qwar`izX,v-uU(Z#">
                    <field name="VAR">valor</field>
                  </block>
                </value>
                <next>
                  <block type="variable_single" id="dhd9^#s1}R?0cAnM7jeA">
                    <field name="TYPE">int</field>
                    <value name="NAME">
                      <block type="variable_single_name" id="#Fg`[M*?:]y09f/6+.ws">
                        <field name="VAR">fib</field>
                      </block>
                    </value>
                    <next>
                      <block type="text_print" id="+c-=mbAPx,A.%2Z)CEHA">
                        <value name="TEXT">
                          <block type="text" id="g4tppG_GGyJjgs0VYcAB">
                            <field name="TEXT">Fibonacci de: </field>
                          </block>
                        </value>
                        <next>
                          <block type="variable_read" id="bQcl;J`qs@:EDv#RH~=0">
                            <field name="VAR">valor</field>
                            <next>
                              <block type="variable_single_set" id="gfn9qdc^qgwfD=axT(8l">
                                <field name="VAR">fib</field>
                                <value name="NAME">
                                  <block type="function_call" id="%Z^U#z3aB%%XEb5/kHNY">
                                    <field name="FNAME">Fibonacci</field>
                                    <value name="NAME">
                                      <block type="variable_single_name" id="Qy7J,j-KEr_ouqQw-jBx">
                                        <field name="VAR">valor</field>
                                      </block>
                                    </value>
                                  </block>
                                </value>
                                <next>
                                  <block type="text_print" id="?L-UaOH+Qgnbvyl!{nO,">
                                    <value name="TEXT">
                                      <block type="text_comma" id="b;0uQXl2Ri8GXQImC@c[">
                                        <field name="TEXT">Resultado: </field>
                                        <value name="NAME">
                                          <block type="variable_single_name_comma" id="5kSx:{BySwwQC+]A@p9E">
                                            <field name="VAR">fib</field>
                                            <value name="NAME">
                                              <block type="text" id="YJvj2$idZF6b1Hix1?iq">
                                                <field name="TEXT">\n</field>
                                              </block>
                                            </value>
                                          </block>
                                        </value>
                                      </block>
                                    </value>
                                  </block>
                                </next>
                              </block>
                            </next>
                          </block>
                        </next>
                      </block>
                    </next>
                  </block>
                </next>
              </block>
            </statement>
          </block>
        </next>
      </block>
    </next>
  </block>
</xml>