<xml xmlns="http://www.w3.org/1999/xhtml">
  <block type="program" id="k@J1lI:lTi(DPfkynOb*" x="144" y="44">
    <field name="ID">fibRecursivo</field>
    <next>
      <block type="variable_single" id="A@VkYG!XC+3OL(*n%s+,">
        <field name="TYPE">int</field>
        <value name="NAME">
          <block type="variable_single_name" id="flG(gLM{wHiD4jz^[(WP">
            <field name="VAR">iter</field>
          </block>
        </value>
        <next>
          <block type="function_statement" id="a~f*=j{m25DIVmqQT_S{">
            <field name="TYPE">int</field>
            <field name="VAR">tailFibonacci</field>
            <value name="NAME">
              <block type="function_param_coma" id="hz|0C*=jhZqxW,VVz_m#">
                <field name="TYPE">int</field>
                <field name="VAR">n0</field>
                <value name="NAME">
                  <block type="function_param_coma" id="H?oX96MBz~WR4aF3xLT+">
                    <field name="TYPE">int</field>
                    <field name="VAR">n1</field>
                    <value name="NAME">
                      <block type="function_param" id="L#U:Q[|nCt4Pjvct{Vi@">
                        <field name="TYPE">int</field>
                        <field name="VAR">n2</field>
                      </block>
                    </value>
                  </block>
                </value>
              </block>
            </value>
            <statement name="BLOCK">
              <block type="variable_single" id="gMMi+q(*b]*tKT4`51Vd">
                <field name="TYPE">int</field>
                <value name="NAME">
                  <block type="variable_single_name" id="qxqf*6J[8?L*=JT/)/.@">
                    <field name="VAR">ret</field>
                  </block>
                </value>
                <next>
                  <block type="variable_single_set" id="q0N_Zbkb?9g1Q^|iShM)">
                    <field name="VAR">iter</field>
                    <value name="NAME">
                      <block type="math_arithmetic" id=";%3F5M;W!c%nvq%-Y]Tj">
                        <field name="OP">ADD</field>
                        <value name="A">
                          <shadow type="math_number" id="XHRdt`4qDV^DxK|Q5fEt">
                            <field name="NUM">1</field>
                          </shadow>
                          <block type="variable_single_name" id="iI|ykg8zV,ZKm8:r?!!|">
                            <field name="VAR">iter</field>
                          </block>
                        </value>
                        <value name="B">
                          <shadow type="math_number" id="]9i9WB(umtG5i;eQB!to">
                            <field name="NUM">1</field>
                          </shadow>
                          <block type="math_number" id="rHf#@j`zVH]q$)9R:|:y">
                            <field name="NUM">1</field>
                          </block>
                        </value>
                      </block>
                    </value>
                    <next>
                      <block type="controls_if" id=".evUU;UuHcw[2dE2@ibx">
                        <mutation else="1"></mutation>
                        <value name="IF0">
                          <block type="logic_compare" id="W3_,FN(xCql0B2WA3Irq">
                            <field name="OP">LTE</field>
                            <value name="A">
                              <block type="variable_single_name" id="u@qauI=BxdUUPcZcaUPS">
                                <field name="VAR">n0</field>
                              </block>
                            </value>
                            <value name="B">
                              <block type="math_number" id="fuSy!R)h=-gaX*ILUD|7">
                                <field name="NUM">0</field>
                              </block>
                            </value>
                          </block>
                        </value>
                        <statement name="DO0">
                          <block type="variable_single_set" id="X:z?[;~B6YgrNCoxmv9Z">
                            <field name="VAR">ret</field>
                            <value name="NAME">
                              <block type="variable_single_name" id="/[Y-Rc?jPMrUnMAGugh2">
                                <field name="VAR">n2</field>
                              </block>
                            </value>
                          </block>
                        </statement>
                        <statement name="ELSE">
                          <block type="variable_single" id="3a?Ie#R(]BotRU,Q;sf-">
                            <field name="TYPE">int</field>
                            <value name="NAME">
                              <block type="variable_single_name" id="JULIl6w|M^q$LJKk:/7_">
                                <field name="VAR">n0s</field>
                              </block>
                            </value>
                            <next>
                              <block type="variable_single_set" id="Pfw=29,Mw7p;_VyoKa:t">
                                <field name="VAR">n0s</field>
                                <value name="NAME">
                                  <block type="math_arithmetic" id=":m_b:xa-.J24qe4#3AH(">
                                    <field name="OP">MINUS</field>
                                    <value name="A">
                                      <shadow type="math_number" id="XHRdt`4qDV^DxK|Q5fEt">
                                        <field name="NUM">1</field>
                                      </shadow>
                                      <block type="variable_single_name" id="G}@(^+}+-rs561U7=mvi">
                                        <field name="VAR">n0</field>
                                      </block>
                                    </value>
                                    <value name="B">
                                      <shadow type="math_number" id="]9i9WB(umtG5i;eQB!to">
                                        <field name="NUM">1</field>
                                      </shadow>
                                      <block type="math_number" id="U-zvGJUAK!r5vsSf-WT$">
                                        <field name="NUM">1</field>
                                      </block>
                                    </value>
                                  </block>
                                </value>
                                <next>
                                  <block type="variable_single" id="r4m1l`.MP}0gBtgZ8aDc">
                                    <field name="TYPE">int</field>
                                    <value name="NAME">
                                      <block type="variable_single_name" id="wiUP@*H!2kYOf|`?.:@D">
                                        <field name="VAR">n1n2</field>
                                      </block>
                                    </value>
                                    <next>
                                      <block type="variable_single_set" id="5=yzxb[:2ExX5/;O6ve%">
                                        <field name="VAR">n1n2</field>
                                        <value name="NAME">
                                          <block type="math_arithmetic" id="`^/hN]~w*a5o[ukf0aJI">
                                            <field name="OP">ADD</field>
                                            <value name="A">
                                              <shadow type="math_number" id="XHRdt`4qDV^DxK|Q5fEt">
                                                <field name="NUM">1</field>
                                              </shadow>
                                              <block type="variable_single_name" id="sm.3v7(DQ3v5b:Cr)zM%">
                                                <field name="VAR">n1</field>
                                              </block>
                                            </value>
                                            <value name="B">
                                              <shadow type="math_number" id="]9i9WB(umtG5i;eQB!to">
                                                <field name="NUM">1</field>
                                              </shadow>
                                              <block type="variable_single_name" id="q3p,0Lo|h%JqVP-sVS$l">
                                                <field name="VAR">n2</field>
                                              </block>
                                            </value>
                                          </block>
                                        </value>
                                        <next>
                                          <block type="variable_single_set" id="w=FD-O*NL$nF{*-{vpQq">
                                            <field name="VAR">ret</field>
                                            <value name="NAME">
                                              <block type="function_call" id="$L#*9AlMT/nZ$-F+E1DW">
                                                <field name="FNAME">tailFibonacci</field>
                                                <value name="NAME">
                                                  <block type="variable_single_name_comma" id="xD/HF=MzCFnwU(D{VG8W">
                                                    <field name="VAR">n0s</field>
                                                    <value name="NAME">
                                                      <block type="variable_single_name_comma" id="!}#=cNjl!uCu@%PVSF*C">
                                                        <field name="VAR">n1n2</field>
                                                        <value name="NAME">
                                                          <block type="variable_single_name" id="]28|PU9wG`Osf5kuxH$V">
                                                            <field name="VAR">n1</field>
                                                          </block>
                                                        </value>
                                                      </block>
                                                    </value>
                                                  </block>
                                                </value>
                                              </block>
                                            </value>
                                          </block>
                                        </next>
                                      </block>
                                    </next>
                                  </block>
                                </next>
                              </block>
                            </next>
                          </block>
                        </statement>
                        <next>
                          <block type="return" id="B%FMlOJ}]Fc]FXB?e[J}">
                            <value name="NAME">
                              <block type="variable_single_name" id="QIAS9$`8`?MD;[tB?wi{">
                                <field name="VAR">ret</field>
                              </block>
                            </value>
                          </block>
                        </next>
                      </block>
                    </next>
                  </block>
                </next>
              </block>
            </statement>
            <next>
              <block type="function_statement" id="Txed*=)7ys`(0v[J@=KI">
                <field name="TYPE">int</field>
                <field name="VAR">fibonacci</field>
                <value name="NAME">
                  <block type="function_param" id="{[cEjn[?v5dvd(E{J7u[">
                    <field name="TYPE">int</field>
                    <field name="VAR">n</field>
                  </block>
                </value>
                <statement name="BLOCK">
                  <block type="return" id="iv8KaW{a_.RI`-xz~FKm">
                    <value name="NAME">
                      <block type="function_call" id="WhHMc%;Us2#_pVKN~[C[">
                        <field name="FNAME">tailFibonacci</field>
                        <value name="NAME">
                          <block type="variable_single_name_comma" id="RPE.!sE=9x;NcGhK%LOj">
                            <field name="VAR">n</field>
                            <value name="NAME">
                              <block type="variable_single_name_comma" id="W;)w6-hmJsv|PzWn4ZAD">
                                <field name="VAR">1</field>
                                <value name="NAME">
                                  <block type="variable_single_name" id="-plJ$sqf25.FhZ6MBr!v">
                                    <field name="VAR">0</field>
                                  </block>
                                </value>
                              </block>
                            </value>
                          </block>
                        </value>
                      </block>
                    </value>
                  </block>
                </statement>
                <next>
                  <block type="main" id="1jb~Z4;9UgiNADJN0IaQ">
                    <statement name="NAME">
                      <block type="variable_single_set" id="nhUoWb)f(61[{Rt|06:]">
                        <field name="VAR">iter</field>
                        <value name="NAME">
                          <block type="math_number" id="KY2)9z?w+=IGSE,A4x+:">
                            <field name="NUM">0</field>
                          </block>
                        </value>
                        <next>
                          <block type="variable_single" id="LV,f3F0$)]I7{3w*)u}O">
                            <field name="TYPE">string</field>
                            <value name="NAME">
                              <block type="variable_single_name" id="/zo_EH0V3KD@S.hCq4uS">
                                <field name="VAR">endl</field>
                              </block>
                            </value>
                            <next>
                              <block type="variable_single_set" id="-E5s*+.G:*s5+;:emS8e">
                                <field name="VAR">endl</field>
                                <value name="NAME">
                                  <block type="text" id="Hr2DAU9_-l4O@7}RJSao">
                                    <field name="TEXT">\n</field>
                                  </block>
                                </value>
                                <next>
                                  <block type="variable_single" id="m6{@2v;pQ86$Ab`$DH0)">
                                    <field name="TYPE">int</field>
                                    <value name="NAME">
                                      <block type="variable_single_name" id="HAm^2j^rO0xGTGCAo|-7">
                                        <field name="VAR">fib</field>
                                      </block>
                                    </value>
                                    <next>
                                      <block type="variable_single" id=",z=pZ$/7jORLGsceA@|H">
                                        <field name="TYPE">int</field>
                                        <value name="NAME">
                                          <block type="variable_single_name" id="pn2/h5?GrNi(`=Ic/8uJ">
                                            <field name="VAR">num</field>
                                          </block>
                                        </value>
                                        <next>
                                          <block type="text_print" id="%wjz0.gMC4y@3tef~c_:">
                                            <value name="TEXT">
                                              <block type="text" id=".e3=._irT_BFoNQQ#~#E">
                                                <field name="TEXT">Fibonacci de: </field>
                                              </block>
                                            </value>
                                            <next>
                                              <block type="variable_read" id="8?k2WsstxM_!:xpBb.0V">
                                                <field name="VAR">num</field>
                                                <next>
                                                  <block type="variable_single_set" id="KFkm2qeS3(@A0d)?BVXR">
                                                    <field name="VAR">fib</field>
                                                    <value name="NAME">
                                                      <block type="function_call" id="Yktk2LtWYitt/lp3XCuQ">
                                                        <field name="FNAME">fibonacci</field>
                                                        <value name="NAME">
                                                          <block type="variable_single_name" id="#aLr;h0*)Nu7X}?U)Vun">
                                                            <field name="VAR">num</field>
                                                          </block>
                                                        </value>
                                                      </block>
                                                    </value>
                                                    <next>
                                                      <block type="text_print" id="qIzsO`m}{PyXvf=t-:@3">
                                                        <value name="TEXT">
                                                          <block type="text_comma" id="6z|jFjY|R~@U77F$B27Z">
                                                            <field name="TEXT">Fib (</field>
                                                            <value name="NAME">
                                                              <block type="variable_single_name_comma" id="1{KgZy)ms2JE,wktAD5f">
                                                                <field name="VAR">num</field>
                                                                <value name="NAME">
                                                                  <block type="text_comma" id="F48z=^fAxtmQsUPNm_Hs">
                                                                    <field name="TEXT">) = </field>
                                                                    <value name="NAME">
                                                                      <block type="variable_single_name_comma" id="Nbm9p*.2X:d1}7U!9S6!">
                                                                        <field name="VAR">fib</field>
                                                                        <value name="NAME">
                                                                          <block type="variable_single_name" id="V=eD!OOvtAX=A|*@S]cM">
                                                                            <field name="VAR">endl</field>
                                                                          </block>
                                                                        </value>
                                                                      </block>
                                                                    </value>
                                                                  </block>
                                                                </value>
                                                              </block>
                                                            </value>
                                                          </block>
                                                        </value>
                                                        <next>
                                                          <block type="text_print" id="lBfros|RIIUvx^6:!j`A">
                                                            <value name="TEXT">
                                                              <block type="text_comma" id="EEg)@xBI8LfPc:p4SpAR">
                                                                <field name="TEXT">Iteraciones fib terminal: </field>
                                                                <value name="NAME">
                                                                  <block type="variable_single_name_comma" id="!}-n%-hUIs-KvyWjN[BP">
                                                                    <field name="VAR">iter</field>
                                                                    <value name="NAME">
                                                                      <block type="variable_single_name" id="-;9KCeUY0AClH974Hc`4">
                                                                        <field name="VAR">endl</field>
                                                                      </block>
                                                                    </value>
                                                                  </block>
                                                                </value>
                                                              </block>
                                                            </value>
                                                          </block>
                                                        </next>
                                                      </block>
                                                    </next>
                                                  </block>
                                                </next>
                                              </block>
                                            </next>
                                          </block>
                                        </next>
                                      </block>
                                    </next>
                                  </block>
                                </next>
                              </block>
                            </next>
                          </block>
                        </next>
                      </block>
                    </statement>
                  </block>
                </next>
              </block>
            </next>
          </block>
        </next>
      </block>
    </next>
  </block>
</xml>