<xml xmlns="http://www.w3.org/1999/xhtml">
  <block type="program" id="EQftnea[fMd@`1fyEkzj" x="149" y="84">
    <field name="ID">find</field>
    <next>
      <block type="variable_single" id="dXO}$KJ?s{C]/-Y]+Gde">
        <field name="TYPE">string</field>
        <value name="NAME">
          <block type="variable_single_name" id="$vh6N]5kcwd.`F@O.l)E">
            <field name="VAR">endl</field>
          </block>
        </value>
        <next>
          <block type="variable_single" id="@0@6Wn/4+fzrg5PMA]ND">
            <field name="TYPE">int</field>
            <value name="NAME">
              <block type="variable_single_name" id="W7O0|.A@Lw~Nq?JW=dY-">
                <field name="VAR">valor</field>
              </block>
            </value>
            <next>
              <block type="variable_single" id="z;LhbiJ+OGTGlY/V_y_D">
                <field name="TYPE">int</field>
                <value name="NAME">
                  <block type="variable_single_name" id="$1Ud;/8-(vbSv8Vn;xMC">
                    <field name="VAR">indice</field>
                  </block>
                </value>
                <next>
                  <block type="variable_array_one" id="b(H*T^0YSv~X-t]`C30C">
                    <field name="TYPE">int</field>
                    <field name="NAME">vector</field>
                    <field name="VAR1">10</field>
                    <next>
                      <block type="function_statement_no_params" id="[|2l%/]ciWS;]S*^S-+V">
                        <field name="TYPE">void</field>
                        <field name="VAR">initVector</field>
                        <statement name="BLOCK">
                          <block type="variable_single" id="rv4:B4T)T[10UL71kX!V">
                            <field name="TYPE">int</field>
                            <value name="NAME">
                              <block type="variable_single_name" id="awm,pWGE.,W;lL=i0KRe">
                                <field name="VAR">i</field>
                              </block>
                            </value>
                            <next>
                              <block type="variable_single_set" id="(v^^0yY.%Rj;`$EQUNQv">
                                <field name="VAR">i</field>
                                <value name="NAME">
                                  <block type="math_number" id="U;HSQe~mkg50.L!XX)EY">
                                    <field name="NUM">0</field>
                                  </block>
                                </value>
                                <next>
                                  <block type="controls_whileUntil" id="M,BqJ/8IQpWVy/)Uquff">
                                    <field name="MODE">WHILE</field>
                                    <value name="BOOL">
                                      <block type="logic_compare" id="-rb)(nip+b;w.BL!N4?n">
                                        <field name="OP">LT</field>
                                        <value name="A">
                                          <block type="variable_single_name" id="-dSEf`hQk=Y?qD``9T[9">
                                            <field name="VAR">i</field>
                                          </block>
                                        </value>
                                        <value name="B">
                                          <block type="math_number" id=".dFTa={Mau#l6Vq![[93">
                                            <field name="NUM">10</field>
                                          </block>
                                        </value>
                                      </block>
                                    </value>
                                    <statement name="DO">
                                      <block type="variable_array_one_set" id="Al0I+uc,afl!n@:ZGr%5">
                                        <field name="VARNAME">vector</field>
                                        <field name="VAR1">i</field>
                                        <value name="NAME">
                                          <block type="math_random" id="}iZxv?5?,[8`hD,)!:fk">
                                            <value name="A">
                                              <shadow type="math_number" id="mD2npx|I6Wi1WmjYH~st">
                                                <field name="NUM">1</field>
                                              </shadow>
                                              <block type="math_number" id="gzyivpq/)xDR^6S7B{62">
                                                <field name="NUM">1</field>
                                              </block>
                                            </value>
                                            <value name="B">
                                              <shadow type="math_number" id="FgEC7VG9KbCC#SX30}3#">
                                                <field name="NUM">1</field>
                                              </shadow>
                                              <block type="math_number" id="ij~WVZ+LO?anmE8R:LKT">
                                                <field name="NUM">100</field>
                                              </block>
                                            </value>
                                          </block>
                                        </value>
                                        <next>
                                          <block type="variable_single_set" id="Li$,OxNb/#Y4/ypx(1|D">
                                            <field name="VAR">i</field>
                                            <value name="NAME">
                                              <block type="math_arithmetic" id="n2O{TT:/RZE#!ZN:$H.q">
                                                <field name="OP">ADD</field>
                                                <value name="A">
                                                  <shadow type="math_number" id="JPR4z+fL4Y7UOG%z@L;:">
                                                    <field name="NUM">1</field>
                                                  </shadow>
                                                  <block type="variable_single_name" id="7-Kkdg0/)VDGv?Yda3WB">
                                                    <field name="VAR">i</field>
                                                  </block>
                                                </value>
                                                <value name="B">
                                                  <shadow type="math_number" id="y,lG~X2Uv@v(}/5$p;gJ">
                                                    <field name="NUM">1</field>
                                                  </shadow>
                                                  <block type="math_number" id="isYy9r[^iYWHyaHz=~AY">
                                                    <field name="NUM">1</field>
                                                  </block>
                                                </value>
                                              </block>
                                            </value>
                                          </block>
                                        </next>
                                      </block>
                                    </statement>
                                    <next>
                                      <block type="return_void" id="!uwtkY0P:V9/VKn2N[R8"></block>
                                    </next>
                                  </block>
                                </next>
                              </block>
                            </next>
                          </block>
                        </statement>
                        <next>
                          <block type="function_statement" id="2Cdd^*ON8RS)A3(W@T+$">
                            <field name="TYPE">void</field>
                            <field name="VAR">findIndex</field>
                            <value name="NAME">
                              <block type="function_param" id="aGP3%)GnMIne+}q62,[t">
                                <field name="TYPE">float</field>
                                <field name="VAR">value</field>
                              </block>
                            </value>
                            <statement name="BLOCK">
                              <block type="variable_single" id="_dx]+amg|-7h@TV,(ooQ">
                                <field name="TYPE">int</field>
                                <value name="NAME">
                                  <block type="variable_single_name_comma" id="H8z2/z7xV4?Add^Z8.s:">
                                    <field name="VAR">i</field>
                                    <value name="NAME">
                                      <block type="variable_single_name" id="}LT+[dr~1+o]XNw`~G70">
                                        <field name="VAR">n</field>
                                      </block>
                                    </value>
                                  </block>
                                </value>
                                <next>
                                  <block type="variable_single_set" id="q)CC6p[Q6u.#:?V72~,d">
                                    <field name="VAR">i</field>
                                    <value name="NAME">
                                      <block type="math_number" id="TIh)Jp7@.qQEJ#3d6/Z,">
                                        <field name="NUM">0</field>
                                      </block>
                                    </value>
                                    <next>
                                      <block type="variable_single_set" id="(?.w_Zv)%B4*$8cQM%^E">
                                        <field name="VAR">indice</field>
                                        <value name="NAME">
                                          <block type="math_number" id="W,u;*I#u@;2No~sV3CVs">
                                            <field name="NUM">-1</field>
                                          </block>
                                        </value>
                                        <next>
                                          <block type="controls_whileUntil" id="i,K{za6%6jv|SkAAUa8$">
                                            <field name="MODE">WHILE</field>
                                            <value name="BOOL">
                                              <block type="logic_compare" id="GTIv[5/IlqRlO9!3~71O">
                                                <field name="OP">LT</field>
                                                <value name="A">
                                                  <block type="variable_single_name" id=":7uhSZNEmAIX%O%K%lVL">
                                                    <field name="VAR">i</field>
                                                  </block>
                                                </value>
                                                <value name="B">
                                                  <block type="math_number" id="9%suKOT!b}DL=TQrv]/n">
                                                    <field name="NUM">10</field>
                                                  </block>
                                                </value>
                                              </block>
                                            </value>
                                            <statement name="DO">
                                              <block type="variable_single_set" id="[Z5q/:ajwpeqepk+$H7h">
                                                <field name="VAR">n</field>
                                                <value name="NAME">
                                                  <block type="variable_array_one_get" id="b7=U!h@Wh@vJdoVO|w5y">
                                                    <field name="VARNAME">vector</field>
                                                    <field name="VAR1">i</field>
                                                  </block>
                                                </value>
                                                <next>
                                                  <block type="controls_if" id="9K{@V}KG`_@c5:/8I7-K">
                                                    <value name="IF0">
                                                      <block type="logic_compare" id="6[Ocsh(4AA`~v*JtOThI">
                                                        <field name="OP">EQ</field>
                                                        <value name="A">
                                                          <block type="variable_single_name" id="$E%^=#1*k.o,n]3cO6w%">
                                                            <field name="VAR">n</field>
                                                          </block>
                                                        </value>
                                                        <value name="B">
                                                          <block type="variable_single_name" id="1FVw{.|ktTUdYkT7bCN4">
                                                            <field name="VAR">value</field>
                                                          </block>
                                                        </value>
                                                      </block>
                                                    </value>
                                                    <statement name="DO0">
                                                      <block type="variable_single_set" id="%;%y$+IaEm)$N*YDSvlk">
                                                        <field name="VAR">indice</field>
                                                        <value name="NAME">
                                                          <block type="variable_single_name" id="J=|x8|RcI]gUE-b;c_wb">
                                                            <field name="VAR">i</field>
                                                          </block>
                                                        </value>
                                                      </block>
                                                    </statement>
                                                    <next>
                                                      <block type="variable_single_set" id="uW^eOGSW:8]o-Fl?)W.F">
                                                        <field name="VAR">i</field>
                                                        <value name="NAME">
                                                          <block type="math_arithmetic" id="o@/d:d4Vhj3ddwdM7@ZV">
                                                            <field name="OP">ADD</field>
                                                            <value name="A">
                                                              <shadow type="math_number" id="JPR4z+fL4Y7UOG%z@L;:">
                                                                <field name="NUM">1</field>
                                                              </shadow>
                                                              <block type="variable_single_name" id="wFwS|#wGEO$N-PZRJ/Hd">
                                                                <field name="VAR">i</field>
                                                              </block>
                                                            </value>
                                                            <value name="B">
                                                              <shadow type="math_number" id="y,lG~X2Uv@v(}/5$p;gJ">
                                                                <field name="NUM">1</field>
                                                              </shadow>
                                                              <block type="math_number" id="X[0V.InOf#n~!F;qwTSx">
                                                                <field name="NUM">1</field>
                                                              </block>
                                                            </value>
                                                          </block>
                                                        </value>
                                                      </block>
                                                    </next>
                                                  </block>
                                                </next>
                                              </block>
                                            </statement>
                                            <next>
                                              <block type="return_void" id="iwd2oubTBX7[qqwx.oA$"></block>
                                            </next>
                                          </block>
                                        </next>
                                      </block>
                                    </next>
                                  </block>
                                </next>
                              </block>
                            </statement>
                            <next>
                              <block type="function_statement_no_params" id="Lx%sWodI=Bs.a%55`ild">
                                <field name="TYPE">void</field>
                                <field name="VAR">showVector</field>
                                <statement name="BLOCK">
                                  <block type="variable_single" id="[K4G{=IZU?bK.vWJEIj0">
                                    <field name="TYPE">int</field>
                                    <value name="NAME">
                                      <block type="variable_single_name_comma" id="mUa+/y^wn+?S@5lRRl9a">
                                        <field name="VAR">i</field>
                                        <value name="NAME">
                                          <block type="variable_single_name" id="b$wzXe(O;G#6T%Mi/6QU">
                                            <field name="VAR">n</field>
                                          </block>
                                        </value>
                                      </block>
                                    </value>
                                    <next>
                                      <block type="variable_single_set" id="qKr:j;P:6uq9Kzh!97}}">
                                        <field name="VAR">i</field>
                                        <value name="NAME">
                                          <block type="math_number" id="zo:e0=HDuS5m4OL:H1i:">
                                            <field name="NUM">0</field>
                                          </block>
                                        </value>
                                        <next>
                                          <block type="controls_whileUntil" id="z3D+?-V;D;1B#a6dW/cQ">
                                            <field name="MODE">WHILE</field>
                                            <value name="BOOL">
                                              <block type="logic_compare" id="OzNW?`qwD4^e7BjWxtfg">
                                                <field name="OP">LT</field>
                                                <value name="A">
                                                  <block type="variable_single_name" id="L0=qf.RB1$FOY}_Iw-ri">
                                                    <field name="VAR">i</field>
                                                  </block>
                                                </value>
                                                <value name="B">
                                                  <block type="math_number" id="(YUT6=OFzqA7RVN}G:pI">
                                                    <field name="NUM">10</field>
                                                  </block>
                                                </value>
                                              </block>
                                            </value>
                                            <statement name="DO">
                                              <block type="variable_single_set" id="5(1mExVv(fn`63sfvSum">
                                                <field name="VAR">n</field>
                                                <value name="NAME">
                                                  <block type="variable_array_one_get" id="5G,#[XR.W!g3jEP+nc3^">
                                                    <field name="VARNAME">vector</field>
                                                    <field name="VAR1">i</field>
                                                  </block>
                                                </value>
                                                <next>
                                                  <block type="text_print" id="uIqJSYgp%+`J^+wmNczS">
                                                    <value name="TEXT">
                                                      <block type="text_comma" id="t%kJ3y,@=E-7guPr~IXW">
                                                        <field name="TEXT">vector[</field>
                                                        <value name="NAME">
                                                          <block type="variable_single_name_comma" id="]:Y3sELVL-%$9E;(rX2w">
                                                            <field name="VAR">i</field>
                                                            <value name="NAME">
                                                              <block type="text_comma" id="RiP[?..$fBPalu#B9st7">
                                                                <field name="TEXT">] = </field>
                                                                <value name="NAME">
                                                                  <block type="variable_single_name_comma" id="WF3/l{c,^%p6=mOLJM2k">
                                                                    <field name="VAR">n</field>
                                                                    <value name="NAME">
                                                                      <block type="variable_single_name" id="mD/WhAAiT#7+gAgZhc,X">
                                                                        <field name="VAR">endl</field>
                                                                      </block>
                                                                    </value>
                                                                  </block>
                                                                </value>
                                                              </block>
                                                            </value>
                                                          </block>
                                                        </value>
                                                      </block>
                                                    </value>
                                                    <next>
                                                      <block type="variable_single_set" id="st@B$r`u=Nq3Vdz%z-.y">
                                                        <field name="VAR">i</field>
                                                        <value name="NAME">
                                                          <block type="math_arithmetic" id="n9Y+/u?Fx#eSh9R}^9hg">
                                                            <field name="OP">ADD</field>
                                                            <value name="A">
                                                              <shadow type="math_number" id="JPR4z+fL4Y7UOG%z@L;:">
                                                                <field name="NUM">1</field>
                                                              </shadow>
                                                              <block type="variable_single_name" id="DvVLrz3-uSolhuf_hAA]">
                                                                <field name="VAR">i</field>
                                                              </block>
                                                            </value>
                                                            <value name="B">
                                                              <shadow type="math_number" id="y,lG~X2Uv@v(}/5$p;gJ">
                                                                <field name="NUM">1</field>
                                                              </shadow>
                                                              <block type="math_number" id=")]8k]6rP/m96O5t097*d">
                                                                <field name="NUM">1</field>
                                                              </block>
                                                            </value>
                                                          </block>
                                                        </value>
                                                      </block>
                                                    </next>
                                                  </block>
                                                </next>
                                              </block>
                                            </statement>
                                            <next>
                                              <block type="return_void" id="`pnnB[=9gS;u19l+Mk{e"></block>
                                            </next>
                                          </block>
                                        </next>
                                      </block>
                                    </next>
                                  </block>
                                </statement>
                                <next>
                                  <block type="main" id="BOi,53|WAzGJ^@(1~buU">
                                    <statement name="NAME">
                                      <block type="variable_single_set" id="m^)*,Lj~TozBNzf6G?jl">
                                        <field name="VAR">endl</field>
                                        <value name="NAME">
                                          <block type="text" id="[*3fd-)j#,(bxi7h_I2b">
                                            <field name="TEXT">\n</field>
                                          </block>
                                        </value>
                                        <next>
                                          <block type="function_call_ret_noparams" id="BiA{m#~=54,*wAYRr#8O">
                                            <field name="FUNC">initVector</field>
                                            <next>
                                              <block type="function_call_ret_noparams" id="*8DzLtkm7C$OlGWCEz`m">
                                                <field name="FUNC">showVector</field>
                                                <next>
                                                  <block type="text_print" id="+JBRog7}DODM11O~Oh9]">
                                                    <value name="TEXT">
                                                      <block type="text_comma" id="|aN;/{[eEDD-p%)+3|j|">
                                                        <field name="TEXT">Introduzca el valor a buscar: </field>
                                                        <value name="NAME">
                                                          <block type="variable_single_name" id="EH@`(CwZgTH=s0!hGZC`">
                                                            <field name="VAR">endl</field>
                                                          </block>
                                                        </value>
                                                      </block>
                                                    </value>
                                                    <next>
                                                      <block type="variable_read" id="Mp{C6H@jl{f,^Fl_Cc-f">
                                                        <field name="VAR">valor</field>
                                                        <next>
                                                          <block type="function_call_ret" id="t)fI-,m.sQ6AwX3s3j*i">
                                                            <field name="FUNC">findIndex</field>
                                                            <value name="NAME">
                                                              <block type="variable_single_name" id="%#E3{*0`[{Z91?JsN7Cr">
                                                                <field name="VAR">valor</field>
                                                              </block>
                                                            </value>
                                                            <next>
                                                              <block type="controls_if" id="ZltZ6i3S2+N@];0b3m-x">
                                                                <mutation else="1"></mutation>
                                                                <value name="IF0">
                                                                  <block type="logic_compare" id="U=74ktd/#BW=_PO$VJ]}">
                                                                    <field name="OP">NEQ</field>
                                                                    <value name="A">
                                                                      <block type="variable_single_name" id="fqMQ-0+u7},vau}-N5QS">
                                                                        <field name="VAR">indice</field>
                                                                      </block>
                                                                    </value>
                                                                    <value name="B">
                                                                      <block type="math_number" id="0;ryX.*Tid)27$|30Oh3">
                                                                        <field name="NUM">-1</field>
                                                                      </block>
                                                                    </value>
                                                                  </block>
                                                                </value>
                                                                <statement name="DO0">
                                                                  <block type="text_print" id="*3(QB.E5S1DY-iW5i4.j">
                                                                    <value name="TEXT">
                                                                      <block type="text_comma" id="83#he{9F@Y|9c,7n/J2/">
                                                                        <field name="TEXT">Valor encontrado!</field>
                                                                        <value name="NAME">
                                                                          <block type="variable_single_name" id="%rT1VsYZQiOG#m8H)X*N">
                                                                            <field name="VAR">endl</field>
                                                                          </block>
                                                                        </value>
                                                                      </block>
                                                                    </value>
                                                                    <next>
                                                                      <block type="text_print" id="^-=2(Rok3obh7?4hO7Tj">
                                                                        <value name="TEXT">
                                                                          <block type="text_comma" id="pthbT7tSaky4d_hGD^K[">
                                                                            <field name="TEXT">El valor se encuentra en la posicion vector[</field>
                                                                            <value name="NAME">
                                                                              <block type="variable_single_name_comma" id="jJ@~S@20B8`^I`IECG9@">
                                                                                <field name="VAR">indice</field>
                                                                                <value name="NAME">
                                                                                  <block type="text_comma" id="Q84BGQ7IpMG-$Yz?;j!=">
                                                                                    <field name="TEXT">]</field>
                                                                                    <value name="NAME">
                                                                                      <block type="variable_single_name" id="uk/m=-^=p7w+:d0T+3!1">
                                                                                        <field name="VAR">endl</field>
                                                                                      </block>
                                                                                    </value>
                                                                                  </block>
                                                                                </value>
                                                                              </block>
                                                                            </value>
                                                                          </block>
                                                                        </value>
                                                                      </block>
                                                                    </next>
                                                                  </block>
                                                                </statement>
                                                                <statement name="ELSE">
                                                                  <block type="text_print" id="@KeD.zyqVJh{v2r%Xx6t">
                                                                    <value name="TEXT">
                                                                      <block type="text_comma" id="wOLdk4D@d!y68w;n9BmD">
                                                                        <field name="TEXT">El valor no se encuentra en el vector</field>
                                                                        <value name="NAME">
                                                                          <block type="variable_single_name" id="w~Ri:$3:M0]TpWLmG}!M">
                                                                            <field name="VAR">endl</field>
                                                                          </block>
                                                                        </value>
                                                                      </block>
                                                                    </value>
                                                                  </block>
                                                                </statement>
                                                              </block>
                                                            </next>
                                                          </block>
                                                        </next>
                                                      </block>
                                                    </next>
                                                  </block>
                                                </next>
                                              </block>
                                            </next>
                                          </block>
                                        </next>
                                      </block>
                                    </statement>
                                  </block>
                                </next>
                              </block>
                            </next>
                          </block>
                        </next>
                      </block>
                    </next>
                  </block>
                </next>
              </block>
            </next>
          </block>
        </next>
      </block>
    </next>
  </block>
</xml>